{
  "addition1": {
    "precision": 1.0,
    "recall": 0.9333333333333333,
    "f1-score": 0.9655172413793104,
    "support": 15,
    "confused_with": {
      "unhappy": 1
    }
  },
  "addition2": {
    "precision": 0.75,
    "recall": 1.0,
    "f1-score": 0.8571428571428571,
    "support": 15,
    "confused_with": {}
  },
  "solve2": {
    "precision": 1.0,
    "recall": 0.9545454545454546,
    "f1-score": 0.9767441860465117,
    "support": 22,
    "confused_with": {
      "addition2": 1
    }
  },
  "greet": {
    "precision": 0.8888888888888888,
    "recall": 0.6153846153846154,
    "f1-score": 0.7272727272727274,
    "support": 13,
    "confused_with": {
      "happy": 2,
      "choice": 1
    }
  },
  "addition3": {
    "precision": 1.0,
    "recall": 1.0,
    "f1-score": 1.0,
    "support": 7,
    "confused_with": {}
  },
  "solve3": {
    "precision": 1.0,
    "recall": 0.9354838709677419,
    "f1-score": 0.9666666666666666,
    "support": 31,
    "confused_with": {
      "addition2": 2
    }
  },
  "say_no": {
    "precision": 0.7142857142857143,
    "recall": 0.7142857142857143,
    "f1-score": 0.7142857142857143,
    "support": 7,
    "confused_with": {
      "say_yes": 1,
      "train": 1
    }
  },
  "out_of_scope": {
    "precision": 1.0,
    "recall": 0.6,
    "f1-score": 0.7499999999999999,
    "support": 5,
    "confused_with": {
      "choice": 2
    }
  },
  "deny": {
    "precision": 0.75,
    "recall": 0.5,
    "f1-score": 0.6,
    "support": 6,
    "confused_with": {
      "unhappy": 1,
      "affirm": 1
    }
  },
  "affirm": {
    "precision": 0.7692307692307693,
    "recall": 0.8333333333333334,
    "f1-score": 0.8,
    "support": 12,
    "confused_with": {
      "happy": 1,
      "deny": 1
    }
  },
  "solve_all": {
    "precision": 0.9523809523809523,
    "recall": 1.0,
    "f1-score": 0.975609756097561,
    "support": 20,
    "confused_with": {}
  },
  "choice": {
    "precision": 0.9534883720930233,
    "recall": 0.9879518072289156,
    "f1-score": 0.9704142011834319,
    "support": 83,
    "confused_with": {
      "greet": 1
    }
  },
  "say_yes": {
    "precision": 0.6666666666666666,
    "recall": 0.6666666666666666,
    "f1-score": 0.6666666666666666,
    "support": 6,
    "confused_with": {
      "happy": 1,
      "choice": 1
    }
  },
  "train": {
    "precision": 0.6923076923076923,
    "recall": 0.75,
    "f1-score": 0.7199999999999999,
    "support": 12,
    "confused_with": {
      "happy": 2,
      "affirm": 1
    }
  },
  "reject": {
    "precision": 1.0,
    "recall": 0.875,
    "f1-score": 0.9333333333333333,
    "support": 8,
    "confused_with": {
      "addition2": 1
    }
  },
  "happy": {
    "precision": 0.6153846153846154,
    "recall": 0.7272727272727273,
    "f1-score": 0.6666666666666667,
    "support": 22,
    "confused_with": {
      "unhappy": 2,
      "solve_all": 1
    }
  },
  "unhappy": {
    "precision": 0.8095238095238095,
    "recall": 0.7391304347826086,
    "f1-score": 0.7727272727272727,
    "support": 23,
    "confused_with": {
      "happy": 4,
      "addition2": 1
    }
  },
  "accuracy": 0.8794788273615635,
  "macro avg": {
    "precision": 0.8565974988683607,
    "recall": 0.8136698798706535,
    "f1-score": 0.8272380758511012,
    "support": 307
  },
  "weighted avg": {
    "precision": 0.8866080787715512,
    "recall": 0.8794788273615635,
    "f1-score": 0.8788342674863341,
    "support": 307
  },
  "micro avg": {
    "precision": 0.8794788273615635,
    "recall": 0.8794788273615635,
    "f1-score": 0.8794788273615635,
    "support": 307
  }
}